time1,time2,time3,time4,time5
join,join,join,tomorrow,fight
march,march,march,march,amp
climate,climate,resist,join,trump
april,april,climate,climate,future
amp,amp,april,future,climate
resist,resist,amp,protect,planet
planet,29th,29th,resist,wow
29th,planet,planet,healthy,join
community,record,community,justice,stay
protect,community,protect,amp,reach
record,protect,fight,rise,indigenous
stand,hot,stand,planet,silent
hot,stand,record,fight,strong
save,fight,future,build,save
fight,future,time,stand,continue
future,save,hot,support,inspire
trump,time,voice,government,earth
time,voice,save,indigenous,standing
voice,trump,health,time,hopeful
health,health,trump,save,leaf
